Type,SKU,Name,Published,Is featured?,Visibility in catalog,Short description,Description,Tax status,In stock?,Backorders allowed?,Sold individually?,Regular price,Categories,Tags,Images,Parent,Position,Attribute 1 name,Attribute 1 value(s),Attribute 1 visible,Attribute 1 global,Attribute 1 default,Attribute 2 name,Attribute 2 value(s),Attribute 2 visible,Attribute 2 global,Attribute 2 default,Attribute 3 name,Attribute 3 value(s),Attribute 3 visible,Attribute 3 global,Attribute 3 default,Attribute 4 name,Attribute 4 value(s),Attribute 4 visible,Attribute 4 global,Attribute 4 default,Meta: dimensions,Meta: ean
variable,MU0501,Șosete sport înalte - Viatu,1,0,visible,,"<p>Șosete de fotbal unisex, fără talpă, din poliester reciclat, poliamidă și elastan, cu nervuri de ajustare.</p><p><strong>Compoziție:</strong> 92% poliamidă· 8% elastan</p><p><br>· Material elastic.  <br>· Detaliu cu logo Jacquard.</p><h4>Dimensiuni</h4><table style='border-collapse:collapse;margin:8px 0'><tr><th style='padding:4px 12px;border:1px solid #ddd;text-align:left'>Mărime</th><th style='padding:4px 12px;border:1px solid #ddd;text-align:left'>Dimensiuni</th></tr><tr><td style='padding:4px 12px;border:1px solid #ddd'>38/41</td><td style='padding:4px 12px;border:1px solid #ddd'>11,5 * 47 cm</td></tr><tr><td style='padding:4px 12px;border:1px solid #ddd'>42/46</td><td style='padding:4px 12px;border:1px solid #ddd'>11,5 * 52 cm</td></tr></table>",taxable,1,0,0,,Accesorii,MUSAI,"https://static.musaibrand.com/images/models/0501/model/large/0501_01_1_1.jpg,https://static.musaibrand.com/images/models/0501/model/large/0501_02_1_1.jpg,https://static.musaibrand.com/images/models/0501/model/large/0501_03_1_1.jpg,https://static.musaibrand.com/images/models/0501/model/large/0501_05_1_1.jpg,https://static.musaibrand.com/images/models/0501/model/large/0501_222_1_1.jpg,https://static.musaibrand.com/images/models/0501/model/large/0501_55_1_1.jpg,https://static.musaibrand.com/images/models/0501/model/large/0501_60_1_1.jpg,https://static.musaibrand.com/images/models/0501/model/large/0501_01_2_1.jpg,https://static.musaibrand.com/images/models/0501/model/large/0501_02_2_1.jpg,https://static.musaibrand.com/images/models/0501/model/large/0501_03_2_1.jpg,https://static.musaibrand.com/images/models/0501/model/large/0501_05_2_1.jpg,https://static.musaibrand.com/images/models/0501/model/large/0501_222_2_1.jpg,https://static.musaibrand.com/images/models/0501/model/large/0501_55_2_1.jpg,https://static.musaibrand.com/images/models/0501/model/large/0501_60_2_1.jpg",,0,Size,"38/41, 42/46",1,1,,Color,"Alb, Negru, Galben, Albastru regal, Fluor verde, Albastru marin, ROȘU",1,1,,Gender,Unisex,1,1,,Dimensiuni,"[11.5cm]·[47cm], [11.5cm]·[52cm]",1,0,,,
variation,MU050113201,,1,0,visible,,"Dimensiuni: 11,5 * 47 cm",taxable,1,0,0,31.5,,,https://static.musaibrand.com/images/models/0501/model/large/0501_01_2_1.jpg,MU0501,1,Size,38/41,,1,,Color,Alb,,1,,,,,,,,,,,,"[11,5cm]·[47cm]",8435782525847
variation,MU050113301,,1,0,visible,,"Dimensiuni: 11,5 * 52 cm",taxable,1,0,0,31.5,,,https://static.musaibrand.com/images/models/0501/model/large/0501_01_2_1.jpg,MU0501,2,Size,42/46,,1,,Color,Alb,,1,,,,,,,,,,,,"[11,5cm]·[52cm]",8435782525915
variation,MU050113202,,1,0,visible,,"Dimensiuni: 11,5 * 47 cm",taxable,1,0,0,31.5,,,https://static.musaibrand.com/images/models/0501/model/large/0501_02_2_1.jpg,MU0501,3,Size,38/41,,1,,Color,Negru,,1,,,,,,,,,,,,"[11,5cm]·[47cm]",8435782525854
variation,MU050113302,,1,0,visible,,"Dimensiuni: 11,5 * 52 cm",taxable,1,0,0,31.5,,,https://static.musaibrand.com/images/models/0501/model/large/0501_02_2_1.jpg,MU0501,4,Size,42/46,,1,,Color,Negru,,1,,,,,,,,,,,,"[11,5cm]·[52cm]",8435782525922
variation,MU050113203,,1,0,visible,,"Dimensiuni: 11,5 * 47 cm",taxable,1,0,0,31.5,,,https://static.musaibrand.com/images/models/0501/model/large/0501_03_2_1.jpg,MU0501,5,Size,38/41,,1,,Color,Galben,,1,,,,,,,,,,,,"[11,5cm]·[47cm]",8435782525861
variation,MU050113303,,1,0,visible,,"Dimensiuni: 11,5 * 52 cm",taxable,1,0,0,31.5,,,https://static.musaibrand.com/images/models/0501/model/large/0501_03_2_1.jpg,MU0501,6,Size,42/46,,1,,Color,Galben,,1,,,,,,,,,,,,"[11,5cm]·[52cm]",8435782525939
variation,MU050113205,,1,0,visible,,"Dimensiuni: 11,5 * 47 cm",taxable,1,0,0,31.5,,,https://static.musaibrand.com/images/models/0501/model/large/0501_05_2_1.jpg,MU0501,7,Size,38/41,,1,,Color,Albastru regal,,1,,,,,,,,,,,,"[11,5cm]·[47cm]",8435782525878
variation,MU050113305,,1,0,visible,,"Dimensiuni: 11,5 * 52 cm",taxable,1,0,0,31.5,,,https://static.musaibrand.com/images/models/0501/model/large/0501_05_2_1.jpg,MU0501,8,Size,42/46,,1,,Color,Albastru regal,,1,,,,,,,,,,,,"[11,5cm]·[52cm]",8435782525946
variation,MU0501132222,,1,0,visible,,"Dimensiuni: 11,5 * 47 cm",taxable,1,0,0,31.5,,,https://static.musaibrand.com/images/models/0501/model/large/0501_222_2_1.jpg,MU0501,9,Size,38/41,,1,,Color,Fluor verde,,1,,,,,,,,,,,,"[11,5cm]·[47cm]",8435782525885
variation,MU0501133222,,1,0,visible,,"Dimensiuni: 11,5 * 52 cm",taxable,1,0,0,31.5,,,https://static.musaibrand.com/images/models/0501/model/large/0501_222_2_1.jpg,MU0501,10,Size,42/46,,1,,Color,Fluor verde,,1,,,,,,,,,,,,"[11,5cm]·[52cm]",8435782525953
variation,MU050113255,,1,0,visible,,"Dimensiuni: 11,5 * 47 cm",taxable,1,0,0,31.5,,,https://static.musaibrand.com/images/models/0501/model/large/0501_55_2_1.jpg,MU0501,11,Size,38/41,,1,,Color,Albastru marin,,1,,,,,,,,,,,,"[11,5cm]·[47cm]",8435782525892
variation,MU050113355,,1,0,visible,,"Dimensiuni: 11,5 * 52 cm",taxable,1,0,0,31.5,,,https://static.musaibrand.com/images/models/0501/model/large/0501_55_2_1.jpg,MU0501,12,Size,42/46,,1,,Color,Albastru marin,,1,,,,,,,,,,,,"[11,5cm]·[52cm]",8435782525960
variation,MU050113260,,1,0,visible,,"Dimensiuni: 11,5 * 47 cm",taxable,1,0,0,31.5,,,https://static.musaibrand.com/images/models/0501/model/large/0501_60_2_1.jpg,MU0501,13,Size,38/41,,1,,Color,ROȘU,,1,,,,,,,,,,,,"[11,5cm]·[47cm]",8435782525908
variation,MU050113360,,1,0,visible,,"Dimensiuni: 11,5 * 52 cm",taxable,1,0,0,31.5,,,https://static.musaibrand.com/images/models/0501/model/large/0501_60_2_1.jpg,MU0501,14,Size,42/46,,1,,Color,ROȘU,,1,,,,,,,,,,,,"[11,5cm]·[52cm]",8435782525977
variable,MU0502,Șosete Fupi - Pack 3,1,0,visible,,"<p>Șosete unisex din bumbac și elastan cu margine cu nervuri. <br>· Cushion</p><p><strong>Compoziție:</strong> 75% bumbac· 20% poliester· 5% elastan</p><p><br>· Material elastic.  <br>· Talpă din material respirabil și căptușit.<br>· Fără cusături la vârfuri.<br>· Manșetă medie de 17 cm din material rib.<br>· Detaliu cu logo jacquard față.<br>· Pack 3 unități.</p><h4>Dimensiuni</h4><table style='border-collapse:collapse;margin:8px 0'><tr><th style='padding:4px 12px;border:1px solid #ddd;text-align:left'>Mărime</th><th style='padding:4px 12px;border:1px solid #ddd;text-align:left'>Dimensiuni</th></tr><tr><td style='padding:4px 12px;border:1px solid #ddd'>29/33</td><td style='padding:4px 12px;border:1px solid #ddd'>14 * 16 cm</td></tr><tr><td style='padding:4px 12px;border:1px solid #ddd'>34/37</td><td style='padding:4px 12px;border:1px solid #ddd'>17 * 18,5 cm</td></tr><tr><td style='padding:4px 12px;border:1px solid #ddd'>38/41</td><td style='padding:4px 12px;border:1px solid #ddd'>20 * 21 cm</td></tr><tr><td style='padding:4px 12px;border:1px solid #ddd'>42/46</td><td style='padding:4px 12px;border:1px solid #ddd'>23 * 23,5 cm</td></tr></table>",taxable,1,0,0,,Accesorii,MUSAI,"https://static.musaibrand.com/images/models/0502/model/large/0502_01_1_1.jpg,https://static.musaibrand.com/images/models/0502/model/large/0502_02_1_1.jpg,https://static.musaibrand.com/images/models/0502/model/large/0502_55_1_1.jpg,https://static.musaibrand.com/images/models/0502/model/large/0502_01_2_1.jpg,https://static.musaibrand.com/images/models/0502/model/large/0502_02_2_1.jpg,https://static.musaibrand.com/images/models/0502/model/large/0502_55_2_1.jpg",,0,Size,"29/33, 34/37, 38/41, 42/46",1,1,,Color,"Alb, Negru, Albastru marin",1,1,,Gender,Unisex,1,1,,Dimensiuni,"[14cm]·[16cm], [17cm]·[18.5cm], [20cm]·[21cm], [23cm]·[23.5cm]",1,0,,,
variation,MU050213001,,1,0,visible,,Dimensiuni: 14 * 16 cm,taxable,1,0,0,78.75,,,https://static.musaibrand.com/images/models/0502/model/large/0502_01_2_1.jpg,MU0502,1,Size,29/33,,1,,Color,Alb,,1,,,,,,,,,,,,[14cm]·[16cm],8435782525984
variation,MU050213101,,1,0,visible,,"Dimensiuni: 17 * 18,5 cm",taxable,1,0,0,78.75,,,https://static.musaibrand.com/images/models/0502/model/large/0502_01_2_1.jpg,MU0502,2,Size,34/37,,1,,Color,Alb,,1,,,,,,,,,,,,"[17cm]·[18,5cm]",8435782526011
variation,MU050213201,,1,0,visible,,Dimensiuni: 20 * 21 cm,taxable,1,0,0,78.75,,,https://static.musaibrand.com/images/models/0502/model/large/0502_01_2_1.jpg,MU0502,3,Size,38/41,,1,,Color,Alb,,1,,,,,,,,,,,,[20cm]·[21cm],8435782526042
variation,MU050213301,,1,0,visible,,"Dimensiuni: 23 * 23,5 cm",taxable,1,0,0,78.75,,,https://static.musaibrand.com/images/models/0502/model/large/0502_01_2_1.jpg,MU0502,4,Size,42/46,,1,,Color,Alb,,1,,,,,,,,,,,,"[23cm]·[23,5cm]",8435782526073
variation,MU050213002,,1,0,visible,,Dimensiuni: 14 * 16 cm,taxable,1,0,0,78.75,,,https://static.musaibrand.com/images/models/0502/model/large/0502_02_2_1.jpg,MU0502,5,Size,29/33,,1,,Color,Negru,,1,,,,,,,,,,,,[14cm]·[16cm],8435782525991
variation,MU050213102,,1,0,visible,,"Dimensiuni: 17 * 18,5 cm",taxable,1,0,0,78.75,,,https://static.musaibrand.com/images/models/0502/model/large/0502_02_2_1.jpg,MU0502,6,Size,34/37,,1,,Color,Negru,,1,,,,,,,,,,,,"[17cm]·[18,5cm]",8435782526028
variation,MU050213202,,1,0,visible,,Dimensiuni: 20 * 21 cm,taxable,1,0,0,78.75,,,https://static.musaibrand.com/images/models/0502/model/large/0502_02_2_1.jpg,MU0502,7,Size,38/41,,1,,Color,Negru,,1,,,,,,,,,,,,[20cm]·[21cm],8435782526059
variation,MU050213302,,1,0,visible,,"Dimensiuni: 23 * 23,5 cm",taxable,1,0,0,78.75,,,https://static.musaibrand.com/images/models/0502/model/large/0502_02_2_1.jpg,MU0502,8,Size,42/46,,1,,Color,Negru,,1,,,,,,,,,,,,"[23cm]·[23,5cm]",8435782526080
variation,MU050213055,,1,0,visible,,Dimensiuni: 14 * 16 cm,taxable,1,0,0,78.75,,,https://static.musaibrand.com/images/models/0502/model/large/0502_55_2_1.jpg,MU0502,9,Size,29/33,,1,,Color,Albastru marin,,1,,,,,,,,,,,,[14cm]·[16cm],8435782526004
variation,MU050213155,,1,0,visible,,"Dimensiuni: 17 * 18,5 cm",taxable,1,0,0,78.75,,,https://static.musaibrand.com/images/models/0502/model/large/0502_55_2_1.jpg,MU0502,10,Size,34/37,,1,,Color,Albastru marin,,1,,,,,,,,,,,,"[17cm]·[18,5cm]",8435782526035
variation,MU050213255,,1,0,visible,,Dimensiuni: 20 * 21 cm,taxable,1,0,0,78.75,,,https://static.musaibrand.com/images/models/0502/model/large/0502_55_2_1.jpg,MU0502,11,Size,38/41,,1,,Color,Albastru marin,,1,,,,,,,,,,,,[20cm]·[21cm],8435782526066
variation,MU050213355,,1,0,visible,,"Dimensiuni: 23 * 23,5 cm",taxable,1,0,0,78.75,,,https://static.musaibrand.com/images/models/0502/model/large/0502_55_2_1.jpg,MU0502,12,Size,42/46,,1,,Color,Albastru marin,,1,,,,,,,,,,,,"[23cm]·[23,5cm]",8435782526097
variable,MU0600,Vestă sport - Funzo,1,0,visible,,<p>Bluză sport elastică unisex din material respirabil. <br>· Breathable</p><p><strong>Compoziție:</strong> 100% plasă din poliester reciclat</p><p><br>· Bandă elastică pe guler.<br>· Detaliu cu logo imprimat în zona pieptului.</p><h4>Dimensiuni</h4><table style='border-collapse:collapse;margin:8px 0'><tr><th style='padding:4px 12px;border:1px solid #ddd;text-align:left'>Mărime</th><th style='padding:4px 12px;border:1px solid #ddd;text-align:left'>Dimensiuni</th></tr><tr><td style='padding:4px 12px;border:1px solid #ddd'>XS</td><td style='padding:4px 12px;border:1px solid #ddd'>50 * 60 cm</td></tr><tr><td style='padding:4px 12px;border:1px solid #ddd'>M</td><td style='padding:4px 12px;border:1px solid #ddd'>56 * 64 cm</td></tr><tr><td style='padding:4px 12px;border:1px solid #ddd'>XL</td><td style='padding:4px 12px;border:1px solid #ddd'>41 * 52 cm</td></tr><tr><td style='padding:4px 12px;border:1px solid #ddd'>3XS</td><td style='padding:4px 12px;border:1px solid #ddd'>50 * 60 cm</td></tr></table>,taxable,1,0,0,,Accesorii,MUSAI,"https://static.musaibrand.com/images/models/0600/model/large/0600_01_1_1.jpg,https://static.musaibrand.com/images/models/0600/model/large/0600_176_1_1.jpg,https://static.musaibrand.com/images/models/0600/model/large/0600_221_1_1.jpg,https://static.musaibrand.com/images/models/0600/model/large/0600_222_1_1.jpg,https://static.musaibrand.com/images/models/0600/model/large/0600_223_1_1.jpg,https://static.musaibrand.com/images/models/0600/model/large/0600_228_1_1.jpg,https://static.musaibrand.com/images/models/0600/model/large/0600_60_1_1.jpg,https://static.musaibrand.com/images/models/0600/model/large/0600_01_2_1.jpg,https://static.musaibrand.com/images/models/0600/model/large/0600_176_2_1.jpg,https://static.musaibrand.com/images/models/0600/model/large/0600_221_2_1.jpg,https://static.musaibrand.com/images/models/0600/model/large/0600_222_2_1.jpg,https://static.musaibrand.com/images/models/0600/model/large/0600_223_2_1.jpg,https://static.musaibrand.com/images/models/0600/model/large/0600_228_2_1.jpg,https://static.musaibrand.com/images/models/0600/model/large/0600_60_2_1.jpg",,0,Size,"XS, M, XL, 3XS",1,1,,Color,"Alb, Fluor turcoaz, Galben fluor, Fluor verde, Fluor portocaliu, Roz fluor, ROȘU",1,1,,Gender,Unisex,1,1,,Dimensiuni,"[50cm]·[60cm], [56cm]·[64cm], [41cm]·[52cm]",1,0,,,
variation,MU06000001,,1,0,visible,,Dimensiuni: 50 * 60 cm,taxable,1,0,0,28.88,,,https://static.musaibrand.com/images/models/0600/model/large/0600_01_2_1.jpg,MU0600,1,Size,XS,,1,,Color,Alb,,1,,,,,,,,,,,,[50cm]·[60cm],8435782526103
variation,MU06000201,,1,0,visible,,Dimensiuni: 56 * 64 cm,taxable,1,0,0,28.88,,,https://static.musaibrand.com/images/models/0600/model/large/0600_01_2_1.jpg,MU0600,2,Size,M,,1,,Color,Alb,,1,,,,,,,,,,,,[56cm]·[64cm],8435782526172
variation,MU06000401,,1,0,visible,,Dimensiuni: 41 * 52 cm,taxable,1,0,0,28.88,,,https://static.musaibrand.com/images/models/0600/model/large/0600_01_2_1.jpg,MU0600,3,Size,XL,,1,,Color,Alb,,1,,,,,,,,,,,,[41cm]·[52cm],8435782526240
variation,MU060013401,,1,0,visible,,Dimensiuni: 50 * 60 cm,taxable,1,0,0,28.88,,,https://static.musaibrand.com/images/models/0600/model/large/0600_01_2_1.jpg,MU0600,4,Size,3XS,,1,,Color,Alb,,1,,,,,,,,,,,,[50cm]·[60cm],8435782526318
variation,MU060000176,,1,0,visible,,Dimensiuni: 50 * 60 cm,taxable,1,0,0,28.88,,,https://static.musaibrand.com/images/models/0600/model/large/0600_176_2_1.jpg,MU0600,5,Size,XS,,1,,Color,Fluor turcoaz,,1,,,,,,,,,,,,[50cm]·[60cm],8435782526110
variation,MU060002176,,1,0,visible,,Dimensiuni: 56 * 64 cm,taxable,1,0,0,28.88,,,https://static.musaibrand.com/images/models/0600/model/large/0600_176_2_1.jpg,MU0600,6,Size,M,,1,,Color,Fluor turcoaz,,1,,,,,,,,,,,,[56cm]·[64cm],8435782526189
variation,MU060004176,,1,0,visible,,Dimensiuni: 41 * 52 cm,taxable,1,0,0,28.88,,,https://static.musaibrand.com/images/models/0600/model/large/0600_176_2_1.jpg,MU0600,7,Size,XL,,1,,Color,Fluor turcoaz,,1,,,,,,,,,,,,[41cm]·[52cm],8435782526257
variation,MU0600134176,,1,0,visible,,Dimensiuni: 50 * 60 cm,taxable,1,0,0,28.88,,,https://static.musaibrand.com/images/models/0600/model/large/0600_176_2_1.jpg,MU0600,8,Size,3XS,,1,,Color,Fluor turcoaz,,1,,,,,,,,,,,,[50cm]·[60cm],8435782526325
variation,MU060000221,,1,0,visible,,Dimensiuni: 50 * 60 cm,taxable,1,0,0,28.88,,,https://static.musaibrand.com/images/models/0600/model/large/0600_221_2_1.jpg,MU0600,9,Size,XS,,1,,Color,Galben fluor,,1,,,,,,,,,,,,[50cm]·[60cm],8435782526127
variation,MU060002221,,1,0,visible,,Dimensiuni: 56 * 64 cm,taxable,1,0,0,28.88,,,https://static.musaibrand.com/images/models/0600/model/large/0600_221_2_1.jpg,MU0600,10,Size,M,,1,,Color,Galben fluor,,1,,,,,,,,,,,,[56cm]·[64cm],8435782526196
variation,MU060004221,,1,0,visible,,Dimensiuni: 41 * 52 cm,taxable,1,0,0,28.88,,,https://static.musaibrand.com/images/models/0600/model/large/0600_221_2_1.jpg,MU0600,11,Size,XL,,1,,Color,Galben fluor,,1,,,,,,,,,,,,[41cm]·[52cm],8435782526264
variation,MU0600134221,,1,0,visible,,Dimensiuni: 50 * 60 cm,taxable,1,0,0,28.88,,,https://static.musaibrand.com/images/models/0600/model/large/0600_221_2_1.jpg,MU0600,12,Size,3XS,,1,,Color,Galben fluor,,1,,,,,,,,,,,,[50cm]·[60cm],8435782526332
variation,MU060000222,,1,0,visible,,Dimensiuni: 50 * 60 cm,taxable,1,0,0,28.88,,,https://static.musaibrand.com/images/models/0600/model/large/0600_222_2_1.jpg,MU0600,13,Size,XS,,1,,Color,Fluor verde,,1,,,,,,,,,,,,[50cm]·[60cm],8435782526134
variation,MU060002222,,1,0,visible,,Dimensiuni: 56 * 64 cm,taxable,1,0,0,28.88,,,https://static.musaibrand.com/images/models/0600/model/large/0600_222_2_1.jpg,MU0600,14,Size,M,,1,,Color,Fluor verde,,1,,,,,,,,,,,,[56cm]·[64cm],8435782526202
variation,MU060004222,,1,0,visible,,Dimensiuni: 41 * 52 cm,taxable,1,0,0,28.88,,,https://static.musaibrand.com/images/models/0600/model/large/0600_222_2_1.jpg,MU0600,15,Size,XL,,1,,Color,Fluor verde,,1,,,,,,,,,,,,[41cm]·[52cm],8435782526271
variation,MU0600134222,,1,0,visible,,Dimensiuni: 50 * 60 cm,taxable,1,0,0,28.88,,,https://static.musaibrand.com/images/models/0600/model/large/0600_222_2_1.jpg,MU0600,16,Size,3XS,,1,,Color,Fluor verde,,1,,,,,,,,,,,,[50cm]·[60cm],8435782526349
variation,MU060000223,,1,0,visible,,Dimensiuni: 50 * 60 cm,taxable,1,0,0,28.88,,,https://static.musaibrand.com/images/models/0600/model/large/0600_223_2_1.jpg,MU0600,17,Size,XS,,1,,Color,Fluor portocaliu,,1,,,,,,,,,,,,[50cm]·[60cm],8435782526141
variation,MU060002223,,1,0,visible,,Dimensiuni: 56 * 64 cm,taxable,1,0,0,28.88,,,https://static.musaibrand.com/images/models/0600/model/large/0600_223_2_1.jpg,MU0600,18,Size,M,,1,,Color,Fluor portocaliu,,1,,,,,,,,,,,,[56cm]·[64cm],8435782526219
variation,MU060004223,,1,0,visible,,Dimensiuni: 41 * 52 cm,taxable,1,0,0,28.88,,,https://static.musaibrand.com/images/models/0600/model/large/0600_223_2_1.jpg,MU0600,19,Size,XL,,1,,Color,Fluor portocaliu,,1,,,,,,,,,,,,[41cm]·[52cm],8435782526288
variation,MU0600134223,,1,0,visible,,Dimensiuni: 50 * 60 cm,taxable,1,0,0,28.88,,,https://static.musaibrand.com/images/models/0600/model/large/0600_223_2_1.jpg,MU0600,20,Size,3XS,,1,,Color,Fluor portocaliu,,1,,,,,,,,,,,,[50cm]·[60cm],8435782526356
variation,MU060000228,,1,0,visible,,Dimensiuni: 50 * 60 cm,taxable,1,0,0,28.88,,,https://static.musaibrand.com/images/models/0600/model/large/0600_228_2_1.jpg,MU0600,21,Size,XS,,1,,Color,Roz fluor,,1,,,,,,,,,,,,[50cm]·[60cm],8435782526158
variation,MU060002228,,1,0,visible,,Dimensiuni: 56 * 64 cm,taxable,1,0,0,28.88,,,https://static.musaibrand.com/images/models/0600/model/large/0600_228_2_1.jpg,MU0600,22,Size,M,,1,,Color,Roz fluor,,1,,,,,,,,,,,,[56cm]·[64cm],8435782526226
variation,MU060004228,,1,0,visible,,Dimensiuni: 41 * 52 cm,taxable,1,0,0,28.88,,,https://static.musaibrand.com/images/models/0600/model/large/0600_228_2_1.jpg,MU0600,23,Size,XL,,1,,Color,Roz fluor,,1,,,,,,,,,,,,[41cm]·[52cm],8435782526295
variation,MU0600134228,,1,0,visible,,Dimensiuni: 50 * 60 cm,taxable,1,0,0,28.88,,,https://static.musaibrand.com/images/models/0600/model/large/0600_228_2_1.jpg,MU0600,24,Size,3XS,,1,,Color,Roz fluor,,1,,,,,,,,,,,,[50cm]·[60cm],8435782526363
variation,MU06000060,,1,0,visible,,Dimensiuni: 50 * 60 cm,taxable,1,0,0,28.88,,,https://static.musaibrand.com/images/models/0600/model/large/0600_60_2_1.jpg,MU0600,25,Size,XS,,1,,Color,ROȘU,,1,,,,,,,,,,,,[50cm]·[60cm],8435782526165
variation,MU06000260,,1,0,visible,,Dimensiuni: 56 * 64 cm,taxable,1,0,0,28.88,,,https://static.musaibrand.com/images/models/0600/model/large/0600_60_2_1.jpg,MU0600,26,Size,M,,1,,Color,ROȘU,,1,,,,,,,,,,,,[56cm]·[64cm],8435782526233
variation,MU06000460,,1,0,visible,,Dimensiuni: 41 * 52 cm,taxable,1,0,0,28.88,,,https://static.musaibrand.com/images/models/0600/model/large/0600_60_2_1.jpg,MU0600,27,Size,XL,,1,,Color,ROȘU,,1,,,,,,,,,,,,[41cm]·[52cm],8435782526301
variation,MU060013460,,1,0,visible,,Dimensiuni: 50 * 60 cm,taxable,1,0,0,28.88,,,https://static.musaibrand.com/images/models/0600/model/large/0600_60_2_1.jpg,MU0600,28,Size,3XS,,1,,Color,ROȘU,,1,,,,,,,,,,,,[50cm]·[60cm],8435782526370
variable,MU0602,Geantă pentru încălțăminte - Yeku,1,0,visible,,<p>O geantă pentru încălțăminte dintr-un material impermeabil compact și funcțional pentru utilizare zilnică. Compartiment principal cu închidere cu fermoar. Mâner pentru transport. Părți laterale din material tip plasă pentru o respirabilitate sporită.</p><p><strong>Compoziție:</strong> 100% poliester reciclat.</p><p><br>· Fermoar cu cusături întărite pentru o mai bună funcționare<br>· Material rezistent la utilizare și ușor de curățat <br>· Ideal pentru transportul încălțămintei sport sau al hainelor ude<br>· Detaliu cu logo imprimat în cauciuc (rubber).</p>,taxable,1,0,0,,Accesorii,MUSAI,"https://static.musaibrand.com/images/models/0602/model/large/0602_02_1_1.jpg,https://static.musaibrand.com/images/models/0602/model/large/0602_05_1_1.jpg,https://static.musaibrand.com/images/models/0602/model/large/0602_55_1_1.jpg,https://static.musaibrand.com/images/models/0602/model/large/0602_60_1_1.jpg,https://static.musaibrand.com/images/models/0602/model/large/0602_02_2_1.jpg,https://static.musaibrand.com/images/models/0602/model/large/0602_05_2_1.jpg,https://static.musaibrand.com/images/models/0602/model/large/0602_55_2_1.jpg,https://static.musaibrand.com/images/models/0602/model/large/0602_60_2_1.jpg",,0,Size,UNICO,1,1,,Color,"Negru, Albastru regal, Albastru marin, ROȘU",1,1,,Gender,Unisex,1,1,,Dimensiuni,,1,0,,,
variation,MU06029002,,1,0,visible,,,taxable,1,0,0,63,,,https://static.musaibrand.com/images/models/0602/model/large/0602_02_2_1.jpg,MU0602,1,Size,UNICO,,1,,Color,Negru,,1,,,,,,,,,,,,,8435782527605
variation,MU06029005,,1,0,visible,,,taxable,1,0,0,63,,,https://static.musaibrand.com/images/models/0602/model/large/0602_05_2_1.jpg,MU0602,2,Size,UNICO,,1,,Color,Albastru regal,,1,,,,,,,,,,,,,8435782527582
variation,MU06029055,,1,0,visible,,,taxable,1,0,0,63,,,https://static.musaibrand.com/images/models/0602/model/large/0602_55_2_1.jpg,MU0602,3,Size,UNICO,,1,,Color,Albastru marin,,1,,,,,,,,,,,,,8435782527599
variation,MU06029060,,1,0,visible,,,taxable,1,0,0,63,,,https://static.musaibrand.com/images/models/0602/model/large/0602_60_2_1.jpg,MU0602,4,Size,UNICO,,1,,Color,ROȘU,,1,,,,,,,,,,,,,8435782527575
variable,MU0603,Rucsac - Zote,1,0,visible,,<p>Rucsac sport impermeabil cu compartiment principal mare cu fermoar dublu. Partea din spate și cureaua de umăr sunt căptușite. Buzunar separat pentru încălțămintea sport confecționat din material respirabil cu plasă.</p><p><strong>Compoziție:</strong> 100% Poliester reciclat</p><p><br>· Mâner superior pentru transport manual<br>· Cusături întărite pe fermoarele personalizate pentru a îmbunătăți funcționarea acestora<br>· Buzunar lateral pentru sticlă<br>· Suporturi inferioare rezistente la uzură și umezeală<br>· Capacitate: 28 L <br>· Detaliu cu logo imprimat în cauciuc (rubber).</p>,taxable,1,0,0,,Accesorii,MUSAI,"https://static.musaibrand.com/images/models/0603/model/large/0603_02_1_1.jpg,https://static.musaibrand.com/images/models/0603/model/large/0603_05_1_1.jpg,https://static.musaibrand.com/images/models/0603/model/large/0603_55_1_1.jpg,https://static.musaibrand.com/images/models/0603/model/large/0603_60_1_1.jpg,https://static.musaibrand.com/images/models/0603/model/large/0603_02_2_1.jpg,https://static.musaibrand.com/images/models/0603/model/large/0603_05_2_1.jpg,https://static.musaibrand.com/images/models/0603/model/large/0603_55_2_1.jpg,https://static.musaibrand.com/images/models/0603/model/large/0603_60_2_1.jpg",,0,Size,UNICO,1,1,,Color,"Negru, Albastru regal, Albastru marin, ROȘU",1,1,,Gender,Unisex,1,1,,Dimensiuni,,1,0,,,
variation,MU06039002,,1,0,visible,,,taxable,1,0,0,105,,,https://static.musaibrand.com/images/models/0603/model/large/0603_02_2_1.jpg,MU0603,1,Size,UNICO,,1,,Color,Negru,,1,,,,,,,,,,,,,8435782527612
variation,MU06039005,,1,0,visible,,,taxable,1,0,0,105,,,https://static.musaibrand.com/images/models/0603/model/large/0603_05_2_1.jpg,MU0603,2,Size,UNICO,,1,,Color,Albastru regal,,1,,,,,,,,,,,,,8435782527643
variation,MU06039055,,1,0,visible,,,taxable,1,0,0,105,,,https://static.musaibrand.com/images/models/0603/model/large/0603_55_2_1.jpg,MU0603,3,Size,UNICO,,1,,Color,Albastru marin,,1,,,,,,,,,,,,,8435782527629
variation,MU06039060,,1,0,visible,,,taxable,1,0,0,105,,,https://static.musaibrand.com/images/models/0603/model/large/0603_60_2_1.jpg,MU0603,4,Size,UNICO,,1,,Color,ROȘU,,1,,,,,,,,,,,,,8435782527636
variable,MU0604,Rucsac - Kiatu,1,0,visible,,<p>Rucsac sport din material impermeabil. Compartiment principal cu fermoar dublu. Buzunar respirabil pentru încălțăminte. Mânere și zonă umeri căptușite.</p><p><strong>Compoziție:</strong> 100% poliester reciclat</p><p><br>· Mâner superior pentru transport manual<br>· Cusături întărite pe fermoare pentru a îmbunătăți funcționarea acestora<br>· Buzunar lateral pentru sticlă<br>· Suporturi inferioare rezistente la uzură și umezeală<br>· Capacitate: 44 L<br>· Detaliu cu logo imprimat în cauciuc (rubber).</p>,taxable,1,0,0,,Accesorii,MUSAI,"https://static.musaibrand.com/images/models/0604/model/large/0604_02_1_1.jpg,https://static.musaibrand.com/images/models/0604/model/large/0604_05_1_1.jpg,https://static.musaibrand.com/images/models/0604/model/large/0604_55_1_1.jpg,https://static.musaibrand.com/images/models/0604/model/large/0604_60_1_1.jpg,https://static.musaibrand.com/images/models/0604/model/large/0604_02_2_1.jpg,https://static.musaibrand.com/images/models/0604/model/large/0604_05_2_1.jpg,https://static.musaibrand.com/images/models/0604/model/large/0604_55_2_1.jpg,https://static.musaibrand.com/images/models/0604/model/large/0604_60_2_1.jpg",,0,Size,UNICO,1,1,,Color,"Negru, Albastru regal, Albastru marin, ROȘU",1,1,,Gender,Unisex,1,1,,Dimensiuni,,1,0,,,
variation,MU06049002,,1,0,visible,,,taxable,1,0,0,110.25,,,https://static.musaibrand.com/images/models/0604/model/large/0604_02_2_1.jpg,MU0604,1,Size,UNICO,,1,,Color,Negru,,1,,,,,,,,,,,,,8435782527650
variation,MU06049005,,1,0,visible,,,taxable,1,0,0,110.25,,,https://static.musaibrand.com/images/models/0604/model/large/0604_05_2_1.jpg,MU0604,2,Size,UNICO,,1,,Color,Albastru regal,,1,,,,,,,,,,,,,8435782527681
variation,MU06049055,,1,0,visible,,,taxable,1,0,0,110.25,,,https://static.musaibrand.com/images/models/0604/model/large/0604_55_2_1.jpg,MU0604,3,Size,UNICO,,1,,Color,Albastru marin,,1,,,,,,,,,,,,,8435782527667
variation,MU06049060,,1,0,visible,,,taxable,1,0,0,110.25,,,https://static.musaibrand.com/images/models/0604/model/large/0604_60_2_1.jpg,MU0604,4,Size,UNICO,,1,,Color,ROȘU,,1,,,,,,,,,,,,,8435782527674
simple,MU06069002,Rucsac - Kamba,1,0,visible,,"<p>Rucsac ușor, rezistent la apă, cu șnur pentru strângere. Ideal pentru utilizarea zilnică sau pentru antrenamente, cu închidere reglabilă în partea de sus, cu șnururi care funcționează și ca mânere.</p><p><strong>Compoziție:</strong> 100% Poliester reciclat</p><p><br>· Buzunar lateral cu fermoar pentru un acces rapid.<br>· Buzunar interior cu fermoar.<br>· Șnururi personalizate cu detalii.</p>",taxable,1,0,0,52.5,Accesorii,MUSAI,"https://static.musaibrand.com/images/models/0606/model/large/0606_02_1_1.jpg,https://static.musaibrand.com/images/models/0606/model/large/0606_02_2_1.jpg",,0,Size,UNICO,1,1,,Color,Negru,1,1,,Gender,Unisex,1,1,,Dimensiuni,,1,0,,,8435782528039
variable,MU0607,Protecție gât din fleece - Singo,1,0,visible,,<p>Protecție pentru gât din fleece dintr-un material exterior tehnic ușor. Ideală pentru antrenamente în aer liber pe vreme rece. Moale la atingere și la interior cu material fleece.</p><p><strong>Compoziție:</strong> 94% Poliester reciclat· 6% Elastan</p><p><br>· Capacitate termică ridicată<br>· Cauciuc reglabil pentru confort<br>· Detaliu cu logo imprimat în cauciuc (rubber).</p><h4>Dimensiuni</h4><table style='border-collapse:collapse;margin:8px 0'><tr><th style='padding:4px 12px;border:1px solid #ddd;text-align:left'>Mărime</th><th style='padding:4px 12px;border:1px solid #ddd;text-align:left'>Dimensiuni</th></tr><tr><td style='padding:4px 12px;border:1px solid #ddd'>UNICO</td><td style='padding:4px 12px;border:1px solid #ddd'>26 * 30 cm</td></tr><tr><td style='padding:4px 12px;border:1px solid #ddd'>NIÑO</td><td style='padding:4px 12px;border:1px solid #ddd'>26 * 30 cm</td></tr></table>,taxable,1,0,0,,Accesorii,MUSAI,"https://static.musaibrand.com/images/models/0607/model/large/0607_02_1_1.jpg,https://static.musaibrand.com/images/models/0607/model/large/0607_55_1_1.jpg,https://static.musaibrand.com/images/models/0607/model/large/0607_02_2_1.jpg,https://static.musaibrand.com/images/models/0607/model/large/0607_55_2_1.jpg",,0,Size,"UNICO, NIÑO",1,1,,Color,"Negru, Albastru marin",1,1,,Gender,Unisex,1,1,,Dimensiuni,[26cm]·[30cm],1,0,,,
variation,MU06079002,,1,0,visible,,Dimensiuni: 26 * 30 cm,taxable,1,0,0,47.25,,,https://static.musaibrand.com/images/models/0607/model/large/0607_02_2_1.jpg,MU0607,1,Size,UNICO,,1,,Color,Negru,,1,,,,,,,,,,,,[26cm]·[30cm],8435782527988
variation,MU06079602,,1,0,visible,,Dimensiuni: 26 * 30 cm,taxable,1,0,0,47.25,,,https://static.musaibrand.com/images/models/0607/model/large/0607_02_2_1.jpg,MU0607,2,Size,NIÑO,,1,,Color,Negru,,1,,,,,,,,,,,,[26cm]·[30cm],8435782528060
variation,MU06079055,,1,0,visible,,Dimensiuni: 26 * 30 cm,taxable,1,0,0,47.25,,,https://static.musaibrand.com/images/models/0607/model/large/0607_55_2_1.jpg,MU0607,3,Size,UNICO,,1,,Color,Albastru marin,,1,,,,,,,,,,,,[26cm]·[30cm],8435782527995
variation,MU06079655,,1,0,visible,,Dimensiuni: 26 * 30 cm,taxable,1,0,0,47.25,,,https://static.musaibrand.com/images/models/0607/model/large/0607_55_2_1.jpg,MU0607,4,Size,NIÑO,,1,,Color,Albastru marin,,1,,,,,,,,,,,,[26cm]·[30cm],8435782528077
variable,MU0608,Fes - WAKI,1,0,visible,,"<p>Fes de iarnă, ideal pentru antrenamente în aer liber pe vreme rece. Material din poliester moale și confortabil.</p><p><strong>Compoziție:</strong> 100% Poliester reciclat</p><p>Căciulă cu tiv întors, din material moale.<br>· Detaliu cu logo imprimat în cauciuc (rubber).</p><h4>Dimensiuni</h4><table style='border-collapse:collapse;margin:8px 0'><tr><th style='padding:4px 12px;border:1px solid #ddd;text-align:left'>Mărime</th><th style='padding:4px 12px;border:1px solid #ddd;text-align:left'>Dimensiuni</th></tr><tr><td style='padding:4px 12px;border:1px solid #ddd'>UNICO</td><td style='padding:4px 12px;border:1px solid #ddd'>20 * 21 cm</td></tr><tr><td style='padding:4px 12px;border:1px solid #ddd'>NIÑO</td><td style='padding:4px 12px;border:1px solid #ddd'>18 * 19 cm</td></tr></table>",taxable,1,0,0,,Accesorii,MUSAI,"https://static.musaibrand.com/images/models/0608/model/large/0608_02_1_1.jpg,https://static.musaibrand.com/images/models/0608/model/large/0608_55_1_1.jpg,https://static.musaibrand.com/images/models/0608/model/large/0608_02_2_1.jpg,https://static.musaibrand.com/images/models/0608/model/large/0608_55_2_1.jpg",,0,Size,"UNICO, NIÑO",1,1,,Color,"Negru, Albastru marin",1,1,,Gender,Unisex,1,1,,Dimensiuni,"[20cm]·[21cm], [18cm]·[19cm]",1,0,,,
variation,MU06089002,,1,0,visible,,Dimensiuni: 20 * 21 cm,taxable,1,0,0,52.5,,,https://static.musaibrand.com/images/models/0608/model/large/0608_02_2_1.jpg,MU0608,1,Size,UNICO,,1,,Color,Negru,,1,,,,,,,,,,,,[20cm]·[21cm],8435782528008
variation,MU06089602,,1,0,visible,,Dimensiuni: 18 * 19 cm,taxable,1,0,0,52.5,,,https://static.musaibrand.com/images/models/0608/model/large/0608_02_2_1.jpg,MU0608,2,Size,NIÑO,,1,,Color,Negru,,1,,,,,,,,,,,,[18cm]·[19cm],8435782528053
variation,MU06089055,,1,0,visible,,Dimensiuni: 20 * 21 cm,taxable,1,0,0,52.5,,,https://static.musaibrand.com/images/models/0608/model/large/0608_55_2_1.jpg,MU0608,3,Size,UNICO,,1,,Color,Albastru marin,,1,,,,,,,,,,,,[20cm]·[21cm],8435782528015
variation,MU06089655,,1,0,visible,,Dimensiuni: 18 * 19 cm,taxable,1,0,0,52.5,,,https://static.musaibrand.com/images/models/0608/model/large/0608_55_2_1.jpg,MU0608,4,Size,NIÑO,,1,,Color,Albastru marin,,1,,,,,,,,,,,,[18cm]·[19cm],8435782528046
variable,MU0609,Mănuși - Kinga,1,0,visible,,<p>Mănuși de antrenament tehnice care protejează de frig. Palme cu prindere antiderapantă pentru o susținere mai bună. Manșete elastice pentru o fixare sigură.</p><p><strong>Compoziție:</strong> 82% nailon· 18% elastan</p><p><br>· Vârfurile degetelor sunt concepute pentru utilizare ecran tactil<br>· Detaliu cu logo imprimat în silicon</p><h4>Dimensiuni</h4><table style='border-collapse:collapse;margin:8px 0'><tr><th style='padding:4px 12px;border:1px solid #ddd;text-align:left'>Mărime</th><th style='padding:4px 12px;border:1px solid #ddd;text-align:left'>Dimensiuni</th></tr><tr><td style='padding:4px 12px;border:1px solid #ddd'>M</td><td style='padding:4px 12px;border:1px solid #ddd'>23 cm</td></tr><tr><td style='padding:4px 12px;border:1px solid #ddd'>L</td><td style='padding:4px 12px;border:1px solid #ddd'>24 cm</td></tr><tr><td style='padding:4px 12px;border:1px solid #ddd'>XL</td><td style='padding:4px 12px;border:1px solid #ddd'>25 cm</td></tr><tr><td style='padding:4px 12px;border:1px solid #ddd'>XS-S</td><td style='padding:4px 12px;border:1px solid #ddd'>22 cm</td></tr><tr><td style='padding:4px 12px;border:1px solid #ddd'>4/6</td><td style='padding:4px 12px;border:1px solid #ddd'>18 cm</td></tr><tr><td style='padding:4px 12px;border:1px solid #ddd'>8/10</td><td style='padding:4px 12px;border:1px solid #ddd'>19 cm</td></tr><tr><td style='padding:4px 12px;border:1px solid #ddd'>12/14</td><td style='padding:4px 12px;border:1px solid #ddd'>20 cm</td></tr><tr><td style='padding:4px 12px;border:1px solid #ddd'>2XL-3XL</td><td style='padding:4px 12px;border:1px solid #ddd'>26 cm</td></tr></table>,taxable,1,0,0,,Accesorii,MUSAI,"https://static.musaibrand.com/images/models/0609/model/large/0609_02_1_1.jpg,https://static.musaibrand.com/images/models/0609/model/large/0609_55_1_1.jpg,https://static.musaibrand.com/images/models/0609/model/large/0609_02_2_1.jpg,https://static.musaibrand.com/images/models/0609/model/large/0609_55_2_1.jpg",,0,Size,"M, L, XL, XS-S, 4/6, 8/10, 12/14, 2XL-3XL",1,1,,Color,"Negru, Albastru marin",1,1,,Gender,Unisex,1,1,,Dimensiuni,"[23cm], [24cm], [25cm], [22cm], [18cm], [19cm], [20cm], [26cm]",1,0,,,
variation,MU06090202,,1,0,visible,,Dimensiuni: 23 cm,taxable,1,0,0,73.5,,,https://static.musaibrand.com/images/models/0609/model/large/0609_02_2_1.jpg,MU0609,1,Size,M,,1,,Color,Negru,,1,,,,,,,,,,,,[23cm],8435782531190
variation,MU06090302,,1,0,visible,,Dimensiuni: 24 cm,taxable,1,0,0,73.5,,,https://static.musaibrand.com/images/models/0609/model/large/0609_02_2_1.jpg,MU0609,2,Size,L,,1,,Color,Negru,,1,,,,,,,,,,,,[24cm],8435782531213
variation,MU06090402,,1,0,visible,,Dimensiuni: 25 cm,taxable,1,0,0,73.5,,,https://static.musaibrand.com/images/models/0609/model/large/0609_02_2_1.jpg,MU0609,3,Size,XL,,1,,Color,Negru,,1,,,,,,,,,,,,[25cm],8435782531237
variation,MU06097002,,1,0,visible,,Dimensiuni: 22 cm,taxable,1,0,0,73.5,,,https://static.musaibrand.com/images/models/0609/model/large/0609_02_2_1.jpg,MU0609,4,Size,XS-S,,1,,Color,Negru,,1,,,,,,,,,,,,[22cm],8435782531251
variation,MU06097502,,1,0,visible,,Dimensiuni: 18 cm,taxable,1,0,0,73.5,,,https://static.musaibrand.com/images/models/0609/model/large/0609_02_2_1.jpg,MU0609,5,Size,4/6,,1,,Color,Negru,,1,,,,,,,,,,,,[18cm],8435782531275
variation,MU06097602,,1,0,visible,,Dimensiuni: 19 cm,taxable,1,0,0,73.5,,,https://static.musaibrand.com/images/models/0609/model/large/0609_02_2_1.jpg,MU0609,6,Size,8/10,,1,,Color,Negru,,1,,,,,,,,,,,,[19cm],8435782531299
variation,MU06097702,,1,0,visible,,Dimensiuni: 20 cm,taxable,1,0,0,73.5,,,https://static.musaibrand.com/images/models/0609/model/large/0609_02_2_1.jpg,MU0609,7,Size,12/14,,1,,Color,Negru,,1,,,,,,,,,,,,[20cm],8435782531312
variation,MU06097802,,1,0,visible,,Dimensiuni: 26 cm,taxable,1,0,0,73.5,,,https://static.musaibrand.com/images/models/0609/model/large/0609_02_2_1.jpg,MU0609,8,Size,2XL-3XL,,1,,Color,Negru,,1,,,,,,,,,,,,[26cm],8435782531336
variation,MU06090255,,1,0,visible,,Dimensiuni: 23 cm,taxable,1,0,0,73.5,,,https://static.musaibrand.com/images/models/0609/model/large/0609_55_2_1.jpg,MU0609,9,Size,M,,1,,Color,Albastru marin,,1,,,,,,,,,,,,[23cm],8435782531206
variation,MU06090355,,1,0,visible,,Dimensiuni: 24 cm,taxable,1,0,0,73.5,,,https://static.musaibrand.com/images/models/0609/model/large/0609_55_2_1.jpg,MU0609,10,Size,L,,1,,Color,Albastru marin,,1,,,,,,,,,,,,[24cm],8435782531220
variation,MU06090455,,1,0,visible,,Dimensiuni: 25 cm,taxable,1,0,0,73.5,,,https://static.musaibrand.com/images/models/0609/model/large/0609_55_2_1.jpg,MU0609,11,Size,XL,,1,,Color,Albastru marin,,1,,,,,,,,,,,,[25cm],8435782531244
variation,MU06097055,,1,0,visible,,Dimensiuni: 22 cm,taxable,1,0,0,73.5,,,https://static.musaibrand.com/images/models/0609/model/large/0609_55_2_1.jpg,MU0609,12,Size,XS-S,,1,,Color,Albastru marin,,1,,,,,,,,,,,,[22cm],8435782531268
variation,MU06097555,,1,0,visible,,Dimensiuni: 18 cm,taxable,1,0,0,73.5,,,https://static.musaibrand.com/images/models/0609/model/large/0609_55_2_1.jpg,MU0609,13,Size,4/6,,1,,Color,Albastru marin,,1,,,,,,,,,,,,[18cm],8435782531282
variation,MU06097655,,1,0,visible,,Dimensiuni: 19 cm,taxable,1,0,0,73.5,,,https://static.musaibrand.com/images/models/0609/model/large/0609_55_2_1.jpg,MU0609,14,Size,8/10,,1,,Color,Albastru marin,,1,,,,,,,,,,,,[19cm],8435782531305
variation,MU06097755,,1,0,visible,,Dimensiuni: 20 cm,taxable,1,0,0,73.5,,,https://static.musaibrand.com/images/models/0609/model/large/0609_55_2_1.jpg,MU0609,15,Size,12/14,,1,,Color,Albastru marin,,1,,,,,,,,,,,,[20cm],8435782531329
variation,MU06097855,,1,0,visible,,Dimensiuni: 26 cm,taxable,1,0,0,73.5,,,https://static.musaibrand.com/images/models/0609/model/large/0609_55_2_1.jpg,MU0609,16,Size,2XL-3XL,,1,,Color,Albastru marin,,1,,,,,,,,,,,,[26cm],8435782531343
